preds,actual
0.2864517569541931,0
0.24500560760498047,0
0.11882045120000839,0
0.39783167839050293,0
0.09404454380273819,0
0.13375432789325714,0
0.14127346873283386,0
0.1419648826122284,0
0.13608960807323456,0
0.1410224437713623,0
0.5304224491119385,1
0.6068768501281738,1
0.7811499238014221,1
0.8807790875434875,1
0.8505366444587708,1
0.6914381980895996,1
0.7789188623428345,1
0.8731575608253479,1
0.8836771249771118,1
