preds,actual
0.20538794994354248,0
0.2520957589149475,0
0.3344910144805908,0
0.3281451463699341,0
0.25444772839546204,0
0.18858803808689117,0
0.20520591735839844,0
0.2136075794696808,0
0.2050786167383194,0
0.2101563960313797,0
0.666526734828949,1
0.3518730700016022,1
0.7869485020637512,1
0.8305667042732239,1
0.7735387086868286,1
0.7815008163452148,1
0.7403251528739929,1
0.8463996052742004,1
0.8152894973754883,1
