preds,actual
0.4435999393463135,0
0.4007498025894165,0
0.39975860714912415,0
0.35388678312301636,0
0.4630223214626312,0
0.18668949604034424,0
0.1782497614622116,0
0.17891255021095276,0
0.1634998619556427,0
0.18420705199241638,0
0.6575227379798889,1
0.3143307864665985,1
0.6278228759765625,1
0.7279510498046875,1
0.6529295444488525,1
0.6023712158203125,1
0.7230812311172485,1
0.6530663967132568,1
0.7000962495803833,1
