preds,actual
0.5073419213294983,0
0.46317556500434875,0
0.46539121866226196,0
0.4527398347854614,0
0.4243348240852356,0
0.3556835353374481,0
0.3509732782840729,0
0.35536885261535645,0
0.3452938199043274,0
0.3564203083515167,0
0.545046865940094,1
0.6045010685920715,1
0.5911322236061096,1
0.556553840637207,1
0.595790445804596,1
0.5417289137840271,1
0.5750967264175415,1
0.5521374940872192,1
0.5633565187454224,1
