preds,actual
0.43502718210220337,0
0.4284800589084625,0
0.37626686692237854,0
0.487183541059494,0
0.45325031876564026,0
0.23565873503684998,0
0.1797279566526413,0
0.20324556529521942,0
0.19987212121486664,0
0.21017391979694366,0
0.5377106666564941,1
0.603257417678833,1
0.6720559000968933,1
0.7211225032806396,1
0.7656078338623047,1
0.6886556148529053,1
0.48076099157333374,1
0.6204768419265747,1
0.5586193203926086,1
