preds,actual
0.3408673107624054,0
0.5542865991592407,0
0.3989948332309723,0
0.20813404023647308,0
0.25227388739585876,0
0.1938835084438324,0
0.231447234749794,0
0.21829567849636078,0
0.205193430185318,0
0.20717301964759827,0
0.5545327067375183,1
0.38970157504081726,1
0.6473654508590698,1
0.7487591505050659,1
0.6942712664604187,1
0.7407343983650208,1
0.7785305976867676,1
0.77546626329422,1
0.7167478203773499,1
