preds,actual
0.4993647038936615,0
0.4963178336620331,0
0.5045788884162903,0
0.45856165885925293,0
0.44151273369789124,0
0.3280069828033447,0
0.3529179096221924,0
0.33588626980781555,0
0.37006837129592896,0
0.35661232471466064,0
0.5106052160263062,1
0.4585718512535095,1
0.5219253897666931,1
0.6048881411552429,1
0.6089816689491272,1
0.5727349519729614,1
0.6070536375045776,1
0.5652399063110352,1
0.6130796670913696,1
