preds,actual
0.45693862438201904,0
0.42299702763557434,0
0.37293678522109985,0
0.4356963336467743,0
0.3785509169101715,0
0.20720139145851135,0
0.2259172648191452,0
0.22332873940467834,0
0.2314172238111496,0
0.22834286093711853,0
0.58659827709198,1
0.46981632709503174,1
0.6121527552604675,1
0.6831005811691284,1
0.6579941511154175,1
0.5842576026916504,1
0.6969386339187622,1
0.6446858644485474,1
0.6810287237167358,1
