preds,actual
0.2428690642118454,0
0.36948472261428833,0
0.3562191128730774,0
0.2361857146024704,0
0.14401394128799438,0
0.12518668174743652,0
0.12559853494167328,0
0.13352592289447784,0
0.13180625438690186,0
0.13074935972690582,0
0.8208119869232178,1
0.8340566158294678,1
0.8262062072753906,1
0.795121431350708,1
0.7693347334861755,1
0.6589363217353821,1
0.8867061138153076,1
0.8847922086715698,1
0.8729243278503418,1
