preds,actual
0.5111662149429321,0
0.4750119149684906,0
0.38060787320137024,0
0.30458247661590576,0
0.38917699456214905,0
0.20594513416290283,0
0.19547252357006073,0
0.20160755515098572,0
0.19055679440498352,0
0.18968592584133148,0
0.5391745567321777,1
0.49259811639785767,1
0.5279688239097595,1
0.711105227470398,1
0.6824707984924316,1
0.6934230327606201,1
0.7293387651443481,1
0.7438782453536987,1
0.7317943572998047,1
