preds,actual
0.4316100776195526,0
0.4214065372943878,0
0.4286467432975769,0
0.39474591612815857,0
0.3966938853263855,0
0.2160223424434662,0
0.21961353719234467,0
0.222651869058609,0
0.21842704713344574,0
0.2215818166732788,0
0.4450647830963135,1
0.654595136642456,1
0.6064872741699219,1
0.590342104434967,1
0.6095512509346008,1
0.6662390828132629,1
0.5892200469970703,1
0.614704966545105,1
0.5643522143363953,1
