preds,actual
0.5700364708900452,0
0.18147800862789154,0
0.20119039714336395,0
0.16779707372188568,0
0.1477537304162979,0
0.14032261073589325,0
0.12531518936157227,0
0.11630963534116745,0
0.13487617671489716,0
0.1295376569032669,0
0.7067282795906067,1
0.6170687079429626,1
0.5577006936073303,1
0.7722958326339722,1
0.7809772491455078,1
0.635572612285614,1
0.5501914024353027,1
0.5798343420028687,1
0.7658684253692627,1
