preds,actual
0.486115425825119,0
0.3998706042766571,0
0.3450928330421448,0
0.3844320774078369,0
0.3513602614402771,0
0.19755318760871887,0
0.2288442999124527,0
0.24219629168510437,0
0.2412758469581604,0
0.24349699914455414,0
0.5087311267852783,1
0.4223111569881439,1
0.6459000706672668,1
0.7280194163322449,1
0.626200258731842,1
0.7046117186546326,1
0.7398315668106079,1
0.7507960200309753,1
0.6909294724464417,1
