preds,actual
0.50467449426651,0
0.31352943181991577,0
0.3378008306026459,0
0.23436349630355835,0
0.2606239318847656,0
0.14521589875221252,0
0.12780354917049408,0
0.12953689694404602,0
0.13716015219688416,0
0.13461604714393616,0
0.765652060508728,1
0.8458712100982666,1
0.9233804941177368,1
0.8145880103111267,1
0.8806500434875488,1
0.9256980419158936,1
0.7342305183410645,1
0.7841721773147583,1
0.9019361734390259,1
