preds,actual
0.530426025390625,0
0.39408349990844727,0
0.3568481504917145,0
0.3801216781139374,0
0.3354330062866211,0
0.14949147403240204,0
0.1787302941083908,0
0.16224870085716248,0
0.16213658452033997,0
0.16166578233242035,0
0.5044259428977966,1
0.5225829482078552,1
0.6844596862792969,1
0.7502942085266113,1
0.7204557061195374,1
0.7250909805297852,1
0.68841153383255,1
0.6212542057037354,1
0.650411069393158,1
