preds,actual
0.7273749709129333,0
0.25972241163253784,0
0.12741276621818542,0
0.857144832611084,0
0.11849001795053482,0
0.11061277240514755,0
0.11672171950340271,0
0.106608547270298,0
0.1042097732424736,0
0.11340783536434174,0
0.3835201859474182,1
0.7015012502670288,1
0.843737781047821,1
0.8921303749084473,1
0.8370950222015381,1
0.8467375636100769,1
0.8877277374267578,1
0.8612462282180786,1
0.8651983141899109,1
