preds,actual
0.30848854780197144,0
0.1844235211610794,0
0.12425120174884796,0
0.16460131108760834,0
0.11768865585327148,0
0.1468730866909027,0
0.1571735292673111,0
0.15624049305915833,0
0.15978293120861053,0
0.16472755372524261,0
0.1972077637910843,1
0.8676654100418091,1
0.8897677063941956,1
0.7411783337593079,1
0.9182233810424805,1
0.8519670963287354,1
0.8885668516159058,1
0.8986555337905884,1
0.9226304888725281,1
