preds,actual
0.3949810862541199,0
0.4255200922489166,0
0.38700416684150696,0
0.39361152052879333,0
0.3375784754753113,0
0.21660801768302917,0
0.20704485476016998,0
0.2279752939939499,0
0.2104291468858719,0
0.20055235922336578,0
0.4965169429779053,1
0.5332003831863403,1
0.5710579752922058,1
0.7356104254722595,1
0.6110013127326965,1
0.5908932089805603,1
0.7177392840385437,1
0.5742895007133484,1
0.6743419170379639,1
