preds,actual
0.6403699517250061,0
0.4418277144432068,0
0.4373737573623657,0
0.3327292799949646,0
0.32233619689941406,0
0.19191157817840576,0
0.2043500691652298,0
0.22457438707351685,0
0.19943052530288696,0
0.21462786197662354,0
0.479505717754364,1
0.3674076795578003,1
0.5742005109786987,1
0.6408268809318542,1
0.7477280497550964,1
0.7159972190856934,1
0.7420296669006348,1
0.7055259943008423,1
0.7610063552856445,1
