preds,actual
0.20994871854782104,0
0.5771511793136597,0
0.14568474888801575,0
0.13404196500778198,0
0.15037330985069275,0
0.1502174586057663,0
0.14809295535087585,0
0.16798581182956696,0
0.1663007289171219,0
0.15901833772659302,0
0.7714291214942932,1
0.6784195303916931,1
0.8902483582496643,1
0.8798797130584717,1
0.8936977386474609,1
0.8671297430992126,1
0.8521680235862732,1
0.8314003348350525,1
0.8440890908241272,1
